{"cameraMode":{"drawMode":0,"name":"Shaded","section":"Shading Mode"},"sceneLighting":false,"audioPlay":false,"sceneViewState":{"m_AlwaysRefresh":false,"showFog":true,"showSkybox":false,"showFlares":true,"showImageEffects":true,"showParticleSystems":true,"showVisualEffectGraphs":true,"m_FxEnabled":true},"in2DMode":false,"pivot":{"x":0.33451181650161745,"y":4.610573768615723,"z":0.41016578674316409},"rotation":{"x":0.01521797850728035,"y":0.9791494607925415,"z":-0.08007875829935074,"w":0.18607468903064729},"size":4.649923801422119,"orthographic":true}